Document,Word,TF-IDF
9,call claim,0.7098262707632392
9,claim call,0.7043767921605258
10,free call,1.0
12,chance win,1.0
29,let know,1.0
37,let know,1.0
43,please call,1.0
45,lt gt,1.0
52,lt gt,1.0
58,call later,0.5570334664642678
58,sorry call,0.5872451435468843
58,sorry call later,0.5872451435468843
79,lt gt,1.0
81,call later,0.5570334664642678
81,sorry call,0.5872451435468843
81,sorry call later,0.5872451435468843
83,hi hi,1.0
86,call later,1.0
94,customer service,0.7433953999012927
94,please call,0.6688522104363545
96,po box,1.0
115,call claim,0.45635091959461077
115,guaranteed call,0.4403942714786321
115,prize guaranteed,0.44330123046603326
115,prize guaranteed call,0.44633742927741255
115,valid hr,0.44951489644647996
118,selected receive,1.0
121,claim call,0.5680302735593301
121,private account,0.5819542973121311
121,private account statement,0.5819542973121311
122,call landline,0.689910635895894
122,urgent mobile,0.7238945465174629
124,please call,0.6452956357881977
124,selected receive,0.7639329436754941
126,wat time,1.0
160,customer service,0.5988048088442088
160,new year,0.5925961125359138
160,please call,0.5387602883587219
161,selected receive,1.0
165,send stop,1.0
168,call claim,0.45635091959461077
168,guaranteed call,0.4403942714786321
168,prize guaranteed,0.44330123046603326
168,prize guaranteed call,0.44633742927741255
168,valid hr,0.44951489644647996
177,let know,1.0
179,lt gt,1.0
180,let know,1.0
189,customer service,0.7433953999012927
189,please call,0.6688522104363545
192,co uk,1.0
201,lt gt,1.0
202,lt gt,1.0
204,decimal gt,0.5674130024205011
204,lt decimal,0.5674130024205011
204,lt decimal gt,0.5674130024205011
204,lt gt,0.18473617418485577
210,decimal gt,0.5773502691896257
210,lt decimal,0.5773502691896257
210,lt decimal gt,0.5773502691896257
221,let know,1.0
224,call later,0.5570334664642678
224,sorry call,0.5872451435468843
224,sorry call later,0.5872451435468843
231,good morning,1.0
232,lt gt,1.0
237,lt gt,1.0
250,good night,1.0
269,po box,1.0
286,last night,0.7463562579349847
286,let know,0.6655466446773558
300,pls send,1.0
313,po box,1.0
316,great day,1.0
320,free call,1.0
340,call later,0.5570334664642678
340,sorry call,0.5872451435468843
340,sorry call later,0.5872451435468843
356,lt gt,1.0
365,new year,1.0
367,take care,1.0
369,co uk,0.678840635588266
369,customer service,0.734285633438459
374,gt min,0.6384359451581793
374,lt gt,0.41571910924666916
374,lt gt min,0.647747764285712
376,customer service,1.0
379,new year,1.0
384,take care,1.0
402,txt stop,1.0
406,lt gt,1.0
419,co uk,1.0
423,call landline,1.0
425,call land,0.35801661878160773
425,call land line,0.35801661878160773
425,guaranteed call,0.3454983023714088
425,land line,0.35801661878160773
425,prize guaranteed,0.34777887108053
425,prize guaranteed call,0.3501608310716798
425,urgent mobile,0.35801661878160773
425,valid hr,0.352653618975273
426,lt gt,1.0
431,lt gt,1.0
436,lt gt,1.0
437,gt lt,0.47645253666975124
437,lt gt,0.8792001935287318
445,call later,0.5570334664642678
445,sorry call,0.5872451435468843
445,sorry call later,0.5872451435468843
450,new year,1.0
456,free text,1.0
465,call later,0.5570334664642678
465,sorry call,0.5872451435468843
465,sorry call later,0.5872451435468843
467,lt gt,1.0
472,call landline,1.0
474,lt gt,1.0
488,free text,1.0
494,call later,1.0
495,lt gt,1.0
496,free call,1.0
506,claim call,0.7015107521683565
506,prize claim,0.7126588697211217
526,urgent mobile,1.0
532,private account,0.7071067811865476
532,private account statement,0.7071067811865476
536,great day,1.0
542,txt stop,1.0
550,gt min,0.6384359451581793
550,lt gt,0.41571910924666916
550,lt gt min,0.647747764285712
565,call claim,0.45635091959461077
565,guaranteed call,0.4403942714786321
565,prize guaranteed,0.44330123046603326
565,prize guaranteed call,0.44633742927741255
565,valid hr,0.44951489644647996
577,claim call,0.7015107521683565
577,prize claim,0.7126588697211217
580,claim call,1.0
586,take care,1.0
591,call later,1.0
592,chance win,1.0
593,selected receive,1.0
594,private account,0.7071067811865476
594,private account statement,0.7071067811865476
599,customer service,1.0
603,ok lor,1.0
607,take care,1.0
612,txt stop,1.0
615,take care,1.0
622,hi hi,0.867728717406619
622,lt gt,0.4970381001370659
631,selected receive,1.0
632,hi hi,1.0
636,co uk,0.6464009132833142
636,txt stop,0.7629979418756628
642,let know,1.0
649,private account,0.7071067811865476
649,private account statement,0.7071067811865476
651,claim call,0.7015107521683565
651,prize claim,0.7126588697211217
669,decimal gt,0.5773502691896257
669,lt decimal,0.5773502691896257
669,lt decimal gt,0.5773502691896257
673,hi hi,0.7508339192536445
673,send stop,0.6604910489160407
674,every week,0.7096103298849399
674,send stop,0.7045943369915676
675,last night,1.0
676,lt gt,1.0
691,please call,1.0
695,po box,1.0
703,call later,0.5570334664642678
703,sorry call,0.5872451435468843
703,sorry call later,0.5872451435468843
720,customer service,0.6787083343960647
720,prize claim,0.7344079226297328
749,send stop,1.0
753,customer service,1.0
766,happy new,0.590977358538137
766,happy new year,0.590977358538137
766,new year,0.5490824376999984
769,call later,0.5570334664642678
769,sorry call,0.5872451435468843
769,sorry call later,0.5872451435468843
770,pls send,1.0
775,lt gt,1.0
780,happy new,0.590977358538137
780,happy new year,0.590977358538137
780,new year,0.5490824376999984
785,customer service,1.0
790,every week,0.7071067811865475
790,national rate,0.7071067811865475
801,lt gt,1.0
804,co uk,0.6582433004524174
804,every week,0.75280525862238
812,lt gt,1.0
821,take care,1.0
830,lt gt,1.0
834,co uk,0.6464009132833142
834,txt stop,0.7629979418756628
837,good morning,1.0
839,lt gt,1.0
841,txt stop,1.0
843,pls send,1.0
844,last night,1.0
845,await collection,0.6009766686315637
845,call landline,0.5771944912832926
845,po box,0.5528775298316334
847,lt gt,1.0
859,decimal gt,0.5773502691896257
859,lt decimal,0.5773502691896257
859,lt decimal gt,0.5773502691896257
867,guaranteed call,1.0
869,private account,0.7071067811865476
869,private account statement,0.7071067811865476
871,free text,1.0
876,lt gt,1.0
877,po box,1.0
896,lt gt,1.0
901,po box,1.0
911,national rate,1.0
915,ok lor,1.0
923,pls send,1.0
927,gt min,0.6384359451581793
927,lt gt,0.41571910924666916
927,lt gt min,0.647747764285712
936,await collection,0.615930987825368
936,call landline,0.5915570299808597
936,please call,0.5202780972871054
940,await collection,0.7212332848033409
940,call landline,0.692692246882974
948,po box,1.0
953,ok lor,1.0
954,good night,1.0
963,call land,0.38343235008949594
963,call land line,0.38343235008949594
963,guaranteed call,0.37002535379792306
963,land line,0.38343235008949594
963,prize guaranteed,0.3724678209176194
963,prize guaranteed call,0.375018877123708
963,valid hr,0.3776886289564643
967,lt gt,1.0
980,lt gt,1.0
987,lt gt,1.0
988,gt min,0.6384359451581793
988,lt gt,0.41571910924666916
988,lt gt min,0.647747764285712
993,good night,1.0
1003,customer service,0.7433953999012927
1003,please call,0.6688522104363545
1005,lt gt,1.0
1010,lt gt,1.0
1018,co uk,0.6582433004524174
1018,every week,0.75280525862238
1023,call landline,1.0
1025,call later,1.0
1034,happy new,0.590977358538137
1034,happy new year,0.590977358538137
1034,new year,0.5490824376999984
1053,wat time,1.0
1057,please call,1.0
1061,chance win,1.0
1068,free call,1.0
1070,po box,1.0
1073,call land,0.38343235008949594
1073,call land line,0.38343235008949594
1073,guaranteed call,0.37002535379792306
1073,land line,0.38343235008949594
1073,prize guaranteed,0.3724678209176194
1073,prize guaranteed call,0.375018877123708
1073,valid hr,0.3776886289564643
1090,call landline,1.0
1091,decimal gt,0.5
1091,gt min,0.5
1091,lt decimal,0.5
1091,lt decimal gt,0.5
1092,call land,0.35801661878160773
1092,call land line,0.35801661878160773
1092,guaranteed call,0.3454983023714088
1092,land line,0.35801661878160773
1092,prize guaranteed,0.34777887108053
1092,prize guaranteed call,0.3501608310716798
1092,urgent mobile,0.35801661878160773
1092,valid hr,0.352653618975273
1119,claim call,1.0
1125,good morning,1.0
1133,call later,0.5570334664642678
1133,sorry call,0.5872451435468843
1133,sorry call later,0.5872451435468843
1134,good morning,1.0
1138,co uk,1.0
1147,customer service,1.0
1153,call later,0.5570334664642678
1153,sorry call,0.5872451435468843
1153,sorry call later,0.5872451435468843
1157,last night,1.0
1173,co uk,1.0
1174,happy new,0.590977358538137
1174,happy new year,0.590977358538137
1174,new year,0.5490824376999984
1184,lt gt,1.0
1188,gt min,0.6384359451581793
1188,lt gt,0.41571910924666916
1188,lt gt min,0.647747764285712
1195,co uk,1.0
1197,please call,1.0
1201,decimal gt,0.24323858729468564
1201,gt lt,0.7724840264323004
1201,lt decimal,0.24323858729468564
1201,lt decimal gt,0.24323858729468564
1201,lt gt,0.4751561825964151
1208,selected receive,1.0
1215,let know,1.0
1218,please call,1.0
1222,every week,1.0
1226,selected receive,1.0
1232,lt gt,1.0
1251,call later,1.0
1253,please call,1.0
1261,customer service,1.0
1273,let know,1.0
1276,let know,1.0
1290,happy new,0.590977358538137
1290,happy new year,0.590977358538137
1290,new year,0.5490824376999984
1305,pls send,1.0
1308,co uk,1.0
1309,co uk,1.0
1330,great day,1.0
1333,good morning,1.0
1351,co uk,1.0
1355,take care,1.0
1361,gt min,0.41361251759411277
1361,lt gt,0.8079743724872599
1361,lt gt min,0.4196452057313159
1367,po box,1.0
1370,good night,1.0
1374,lt gt,1.0
1381,every week,1.0
1401,lt gt,1.0
1404,lt gt,1.0
1427,lt gt,1.0
1445,chance win,1.0
1457,txt stop,1.0
1464,urgent mobile,1.0
1468,decimal gt,0.5674130024205011
1468,lt decimal,0.5674130024205011
1468,lt decimal gt,0.5674130024205011
1468,lt gt,0.18473617418485577
1471,good morning,1.0
1486,call later,0.5570334664642678
1486,sorry call,0.5872451435468843
1486,sorry call later,0.5872451435468843
1492,good morning,1.0
1493,free text,1.0
1503,national rate,0.7334463723325656
1503,po box,0.6797473199007111
1505,lt gt,1.0
1522,national rate,0.7017506912355546
1522,urgent mobile,0.7124226044634051
1545,co uk,0.655484937190529
1545,free text,0.7552082475160928
1567,gt lt,0.47645253666975124
1567,lt gt,0.8792001935287318
1580,lt gt,1.0
1585,let know,0.8116432547145025
1585,lt gt,0.5841534276852692
1586,call later,0.5570334664642678
1586,sorry call,0.5872451435468843
1586,sorry call later,0.5872451435468843
1587,let know,0.8116432547145025
1587,lt gt,0.5841534276852692
1595,private account,0.7071067811865476
1595,private account statement,0.7071067811865476
1596,good morning,1.0
1599,call land,0.35801661878160773
1599,call land line,0.35801661878160773
1599,guaranteed call,0.3454983023714088
1599,land line,0.35801661878160773
1599,prize guaranteed,0.34777887108053
1599,prize guaranteed call,0.3501608310716798
1599,urgent mobile,0.35801661878160773
1599,valid hr,0.352653618975273
1603,let know,1.0
1614,co uk,1.0
1620,lt gt,1.0
1626,free text,1.0
1629,claim call,1.0
1636,co uk,1.0
1654,chance win,1.0
1656,happy new,0.590977358538137
1656,happy new year,0.590977358538137
1656,new year,0.5490824376999984
1668,last night,1.0
1674,call land,0.38343235008949594
1674,call land line,0.38343235008949594
1674,guaranteed call,0.37002535379792306
1674,land line,0.38343235008949594
1674,prize guaranteed,0.3724678209176194
1674,prize guaranteed call,0.375018877123708
1674,valid hr,0.3776886289564643
1688,call claim,0.7663774205096028
1688,please call,0.6423905738202014
1698,last night,1.0
1726,lt gt,1.0
1727,lt gt,1.0
1739,pls send,1.0
1746,call landline,1.0
1747,take care,1.0
1779,chance win,0.7552082475160928
1779,co uk,0.655484937190529
1780,good morning,1.0
1781,free text,1.0
1782,po box,1.0
1785,hi hi,1.0
1794,co uk,1.0
1802,lt gt,1.0
1804,ok lor,1.0
1806,lt gt,1.0
1808,please call,0.6452956357881977
1808,selected receive,0.7639329436754941
1821,ok lor,1.0
1828,lt gt,1.0
1830,call later,1.0
1854,national rate,0.6988745387859157
1854,prize claim,0.7152442792758106
1865,let know,1.0
1875,customer service,0.6787083343960647
1875,prize claim,0.7344079226297328
1889,await collection,0.615930987825368
1889,call landline,0.5915570299808597
1889,please call,0.5202780972871054
1895,good morning,1.0
1903,call later,0.5570334664642678
1903,sorry call,0.5872451435468843
1903,sorry call later,0.5872451435468843
1905,chance win,1.0
1912,lt gt,1.0
1919,ok lor,1.0
1927,lt gt,1.0
1930,call claim,1.0
1931,chance win,1.0
1936,great day,1.0
1943,await collection,1.0
1946,let know,1.0
1950,pls send,1.0
1956,good night,1.0
1962,call landline,1.0
1964,free text,1.0
1973,good night,1.0
1979,send stop,1.0
1982,call later,0.5570334664642678
1982,sorry call,0.5872451435468843
1982,sorry call later,0.5872451435468843
1983,call later,0.4578905985286959
1983,lt gt,0.34451123102644027
1983,please call,0.45343267013024496
1983,sorry call,0.4827250900534567
1983,sorry call later,0.4827250900534567
1985,lt gt,1.0
1986,await collection,0.615930987825368
1986,call landline,0.5915570299808597
1986,please call,0.5202780972871054
1990,call later,0.5570334664642678
1990,sorry call,0.5872451435468843
1990,sorry call later,0.5872451435468843
1994,co uk,1.0
2006,decimal gt,0.5
2006,gt min,0.5
2006,lt decimal,0.5
2006,lt decimal gt,0.5
2013,every week,0.9515154408706131
2013,lt gt,0.3076009846941373
2024,every week,1.0
2065,urgent mobile,1.0
2067,wat time,1.0
2071,co uk,1.0
2073,good night,0.7439083294159504
2073,take care,0.6682816752130569
2096,claim call,0.5680302735593301
2096,private account,0.5819542973121311
2096,private account statement,0.5819542973121311
2101,po box,1.0
2110,co uk,1.0
2111,lt gt,1.0
2114,claim call,0.7071067811865476
2114,selected receive,0.7071067811865476
2116,po box,1.0
2117,last night,1.0
2120,every week,1.0
2125,claim call,0.7015107521683565
2125,prize claim,0.7126588697211217
2126,good night,1.0
2146,send stop,1.0
2147,po box,1.0
2161,every week,1.0
2164,lt gt,1.0
2171,po box,1.0
2177,please call,1.0
2181,lt gt,1.0
2208,urgent mobile,1.0
2209,take care,1.0
2210,await collection,1.0
2221,customer service,0.6787083343960647
2221,prize claim,0.7344079226297328
2225,customer service,0.7433953999012927
2225,please call,0.6688522104363545
2235,good morning,1.0
2239,let know,1.0
2241,lt gt,1.0
2251,customer service,0.7433953999012927
2251,please call,0.6688522104363545
2264,gt min,0.6384359451581793
2264,lt gt,0.41571910924666916
2264,lt gt min,0.647747764285712
2265,send stop,1.0
2267,pls send,1.0
2281,call later,0.5570334664642678
2281,sorry call,0.5872451435468843
2281,sorry call later,0.5872451435468843
2296,please call,1.0
2298,please call,1.0
2303,lt gt,1.0
2305,lt gt,1.0
2313,national rate,0.6988745387859157
2313,prize claim,0.7152442792758106
2314,co uk,1.0
2326,ok lor,1.0
2329,urgent mobile,1.0
2342,take care,1.0
2344,free call,1.0
2345,lt gt,1.0
2348,lt gt,1.0
2355,please call,1.0
2356,lt gt,1.0
2366,good night,1.0
2368,txt stop,1.0
2375,call land,0.38343235008949594
2375,call land line,0.38343235008949594
2375,guaranteed call,0.37002535379792306
2375,land line,0.38343235008949594
2375,prize guaranteed,0.3724678209176194
2375,prize guaranteed call,0.375018877123708
2375,valid hr,0.3776886289564643
2380,lt gt,1.0
2381,lt gt,1.0
2386,call later,0.5570334664642678
2386,sorry call,0.5872451435468843
2386,sorry call later,0.5872451435468843
2387,call landline,1.0
2392,lt gt,1.0
2409,decimal gt,0.46908291044984224
2409,gt lt,0.4965756179629444
2409,lt decimal,0.46908291044984224
2409,lt decimal gt,0.46908291044984224
2409,lt gt,0.3054444712487618
2429,lt gt,1.0
2435,gt lt,0.2615275197538708
2435,lt gt,0.965196019682732
2439,chance win,1.0
2445,lt gt,1.0
2448,call later,0.5570334664642678
2448,sorry call,0.5872451435468843
2448,sorry call later,0.5872451435468843
2450,lt gt,1.0
2475,ok lor,0.6967767149043075
2475,wat time,0.7172880938417712
2476,lt gt,1.0
2482,await collection,0.6009766686315637
2482,call landline,0.5771944912832926
2482,po box,0.5528775298316334
2486,let know,1.0
2489,pls send,1.0
2497,selected receive,1.0
2498,lt gt,1.0
2500,lt gt,1.0
2504,take care,1.0
2516,decimal gt,0.5773502691896257
2516,lt decimal,0.5773502691896257
2516,lt decimal gt,0.5773502691896257
2519,call later,0.5570334664642678
2519,sorry call,0.5872451435468843
2519,sorry call later,0.5872451435468843
2523,call later,0.5570334664642678
2523,sorry call,0.5872451435468843
2523,sorry call later,0.5872451435468843
2525,call later,0.5570334664642678
2525,sorry call,0.5872451435468843
2525,sorry call later,0.5872451435468843
2526,co uk,1.0
2530,lt gt,1.0
2537,pls send,1.0
2549,co uk,1.0
2582,send stop,1.0
2584,free text,1.0
2586,hi hi,1.0
2594,lt gt,1.0
2616,let know,1.0
2617,lt gt,1.0
2619,pls send,1.0
2621,please call,1.0
2624,ok lor,1.0
2626,lt gt,1.0
2627,every week,1.0
2631,new year,1.0
2633,urgent mobile,1.0
2647,call later,0.5570334664642678
2647,sorry call,0.5872451435468843
2647,sorry call later,0.5872451435468843
2650,lt gt,1.0
2659,lt gt,1.0
2665,co uk,0.6582433004524174
2665,every week,0.75280525862238
2673,lt gt,1.0
2682,decimal gt,0.46908291044984224
2682,gt lt,0.4965756179629444
2682,lt decimal,0.46908291044984224
2682,lt decimal gt,0.46908291044984224
2682,lt gt,0.3054444712487618
2684,call landline,1.0
2687,call land,0.38343235008949594
2687,call land line,0.38343235008949594
2687,guaranteed call,0.37002535379792306
2687,land line,0.38343235008949594
2687,prize guaranteed,0.3724678209176194
2687,prize guaranteed call,0.375018877123708
2687,valid hr,0.3776886289564643
2688,lt gt,1.0
2691,gt min,0.6384359451581793
2691,lt gt,0.41571910924666916
2691,lt gt min,0.647747764285712
2692,co uk,1.0
2694,call claim,0.7149067073395331
2694,free call,0.6992198508344476
2702,lt gt,1.0
2706,txt stop,1.0
2709,free call,1.0
2712,co uk,1.0
2716,wat time,1.0
2717,lt gt,1.0
2718,lt gt,1.0
2722,ok lor,1.0
2725,great day,1.0
2730,await collection,0.615930987825368
2730,call landline,0.5915570299808597
2730,please call,0.5202780972871054
2731,await collection,0.615930987825368
2731,call landline,0.5915570299808597
2731,please call,0.5202780972871054
2740,lt gt,1.0
2751,let know,1.0
2768,txt stop,1.0
2780,chance win,1.0
2792,call claim,1.0
2796,gt lt,0.6307673280621343
2796,lt gt,0.7759720213057658
2802,lt gt,1.0
2809,free call,1.0
2816,let know,1.0
2818,pls send,1.0
2819,co uk,1.0
2827,national rate,0.6988745387859157
2827,prize claim,0.7152442792758106
2828,ok lor,1.0
2845,great day,1.0
2848,wat time,1.0
2851,national rate,0.7334463723325656
2851,po box,0.6797473199007111
2852,happy new,0.590977358538137
2852,happy new year,0.590977358538137
2852,new year,0.5490824376999984
2870,lt gt,1.0
2871,lt gt,1.0
2872,national rate,0.7334463723325656
2872,po box,0.6797473199007111
2889,take care,1.0
2898,free call,1.0
2902,decimal gt,0.5773502691896257
2902,lt decimal,0.5773502691896257
2902,lt decimal gt,0.5773502691896257
2903,po box,1.0
2911,call land,0.35801661878160773
2911,call land line,0.35801661878160773
2911,guaranteed call,0.3454983023714088
2911,land line,0.35801661878160773
2911,prize guaranteed,0.34777887108053
2911,prize guaranteed call,0.3501608310716798
2911,urgent mobile,0.35801661878160773
2911,valid hr,0.352653618975273
2913,call later,1.0
2915,decimal gt,0.5773502691896257
2915,lt decimal,0.5773502691896257
2915,lt decimal gt,0.5773502691896257
2933,lt gt,1.0
2934,gt lt,0.7349589147938891
2934,lt gt,0.6781116379807891
2935,lt gt,1.0
2942,please call,1.0
2947,let know,0.8116432547145025
2947,lt gt,0.5841534276852692
2953,free call,1.0
2955,urgent mobile,1.0
2959,last night,1.0
2969,decimal gt,0.24323858729468564
2969,gt lt,0.7724840264323004
2969,lt decimal,0.24323858729468564
2969,lt decimal gt,0.24323858729468564
2969,lt gt,0.4751561825964151
2975,happy new,0.590977358538137
2975,happy new year,0.590977358538137
2975,new year,0.5490824376999984
2976,let know,1.0
2983,good morning,1.0
2988,send stop,1.0
2991,every week,1.0
2993,national rate,0.7334463723325656
2993,po box,0.6797473199007111
3009,let know,1.0
3010,free text,1.0
3013,good morning,1.0
3014,last night,1.0
3015,txt stop,1.0
3017,gt min,0.6384359451581793
3017,lt gt,0.41571910924666916
3017,lt gt min,0.647747764285712
3018,good morning,0.39746948828315387
3018,happy new,0.43204846654528484
3018,happy new year,0.43204846654528484
3018,lt gt,0.5545702002125984
3018,new year,0.4014201589753835
3021,wat time,1.0
3023,call later,1.0
3033,let know,1.0
3036,lt gt,1.0
3041,happy new,0.590977358538137
3041,happy new year,0.590977358538137
3041,new year,0.5490824376999984
3046,let know,1.0
3055,pls send,1.0
3057,chance win,1.0
3059,lt gt,1.0
3060,co uk,1.0
3061,lt gt,1.0
3074,ok lor,1.0
3078,great day,1.0
3086,ok lor,1.0
3093,chance win,1.0
3094,take care,1.0
3098,lt gt,1.0
3108,lt gt,1.0
3109,happy new,0.5228210760042848
3109,happy new year,0.5228210760042848
3109,let know,0.4662141024502104
3109,new year,0.4857578158382924
3111,lt gt,1.0
3112,customer service,0.6897143613086474
3112,send stop,0.7240815560450385
3115,wat time,1.0
3118,happy new,0.590977358538137
3118,happy new year,0.590977358538137
3118,new year,0.5490824376999984
3119,free call,1.0
3124,chance win,1.0
3125,hi hi,1.0
3138,let know,1.0
3149,good night,1.0
3151,call later,1.0
3156,send stop,1.0
3165,claim call,0.7015107521683565
3165,prize claim,0.7126588697211217
3168,po box,1.0
3175,co uk,1.0
3186,good morning,1.0
3190,national rate,0.6988745387859157
3190,prize claim,0.7152442792758106
3191,lt gt,1.0
3200,wat time,1.0
3218,call land,0.38343235008949594
3218,call land line,0.38343235008949594
3218,guaranteed call,0.37002535379792306
3218,land line,0.38343235008949594
3218,prize guaranteed,0.3724678209176194
3218,prize guaranteed call,0.375018877123708
3218,valid hr,0.3776886289564643
3219,decimal gt,0.5773502691896257
3219,lt decimal,0.5773502691896257
3219,lt decimal gt,0.5773502691896257
3223,customer service,0.7433953999012927
3223,please call,0.6688522104363545
3230,chance win,1.0
3231,po box,1.0
3235,good morning,1.0
3244,good morning,1.0
3261,national rate,0.6988745387859157
3261,prize claim,0.7152442792758106
3266,lt gt,1.0
3267,free text,1.0
3273,please call,1.0
3274,good night,1.0
3279,great day,1.0
3281,decimal gt,0.46908291044984224
3281,gt lt,0.4965756179629444
3281,lt decimal,0.46908291044984224
3281,lt decimal gt,0.46908291044984224
3281,lt gt,0.3054444712487618
3283,wat time,1.0
3287,lt gt,1.0
3294,good morning,1.0
3299,please call,0.6452956357881977
3299,selected receive,0.7639329436754941
3307,lt gt,1.0
3313,last night,1.0
3317,free text,1.0
3318,good night,1.0
3335,call land,0.5773502691896257
3335,call land line,0.5773502691896257
3335,land line,0.5773502691896257
3350,call later,0.5570334664642678
3350,sorry call,0.5872451435468843
3350,sorry call later,0.5872451435468843
3367,call later,0.5570334664642678
3367,sorry call,0.5872451435468843
3367,sorry call later,0.5872451435468843
3386,please call,1.0
3392,please call,1.0
3393,call later,1.0
3398,call land,0.44854935079006586
3398,call land line,0.44854935079006586
3398,land line,0.44854935079006586
3398,urgent mobile,0.44854935079006586
3398,valid hr,0.44183019320010464
3403,great day,1.0
3405,good night,0.7439083294159504
3405,take care,0.6682816752130569
3410,free text,1.0
3411,great day,1.0
3412,lt gt,1.0
3414,let know,1.0
3424,free call,0.6932972249682324
3424,txt stop,0.7206517590704598
3425,free text,1.0
3433,lt gt,1.0
3441,last night,1.0
3444,co uk,1.0
3450,lt gt,1.0
3469,call land,0.38343235008949594
3469,call land line,0.38343235008949594
3469,guaranteed call,0.37002535379792306
3469,land line,0.38343235008949594
3469,prize guaranteed,0.3724678209176194
3469,prize guaranteed call,0.375018877123708
3469,valid hr,0.3776886289564643
3473,good night,1.0
3478,lt gt,1.0
3479,lt gt,0.5683489875908745
3479,new year,0.8227875961051114
3486,good morning,0.6316147651486356
3486,lt gt,0.4406309629937927
3486,new year,0.6378927362005282
3494,decimal gt,0.5773502691896257
3494,lt decimal,0.5773502691896257
3494,lt decimal gt,0.5773502691896257
3496,call land,0.5773502691896257
3496,call land line,0.5773502691896257
3496,land line,0.5773502691896257
3503,lt gt,1.0
3510,happy new,0.590977358538137
3510,happy new year,0.590977358538137
3510,new year,0.5490824376999984
3530,claim call,1.0
3531,new year,1.0
3534,lt gt,1.0
3535,call later,0.5570334664642678
3535,sorry call,0.5872451435468843
3535,sorry call later,0.5872451435468843
3537,please call,1.0
3551,lt gt,1.0
3558,ok lor,1.0
3561,call land,0.38734953415753365
3561,call land line,0.38734953415753365
3561,guaranteed call,0.373805570621905
3561,land line,0.38734953415753365
3561,po box,0.3536122775049409
3561,prize guaranteed,0.37627299023526994
3561,prize guaranteed call,0.37885010829222965
3567,lt gt,1.0
3569,prize guaranteed,1.0
3587,good night,1.0
3595,call later,0.5570334664642678
3595,sorry call,0.5872451435468843
3595,sorry call later,0.5872451435468843
3596,free text,1.0
3598,good morning,0.4776491313144599
3598,happy new,0.5192035635804207
3598,happy new year,0.5192035635804207
3598,new year,0.48239675215047406
3611,lt gt,1.0
3618,lt gt,1.0
3622,lt gt,1.0
3636,lt gt,1.0
3640,customer service,0.7433953999012927
3640,please call,0.6688522104363545
3643,po box,1.0
3661,gt min,0.6384359451581793
3661,lt gt,0.41571910924666916
3661,lt gt min,0.647747764285712
3662,lt gt,1.0
3672,take care,1.0
3682,pls send,1.0
3687,lt gt,1.0
3688,lt gt,1.0
3693,please call,1.0
3697,lt gt,1.0
3699,claim call,0.7071067811865476
3699,selected receive,0.7071067811865476
3702,take care,1.0
3717,take care,1.0
3721,customer service,0.7433953999012927
3721,please call,0.6688522104363545
3731,please call,1.0
3739,gt lt,0.6307673280621343
3739,lt gt,0.7759720213057658
3747,let know,1.0
3761,good night,1.0
3762,lt gt,1.0
3764,co uk,0.6582433004524174
3764,every week,0.75280525862238
3765,gt min,0.6384359451581793
3765,lt gt,0.41571910924666916
3765,lt gt min,0.647747764285712
3769,free call,1.0
3778,ok lor,1.0
3780,good night,1.0
3783,lt gt,1.0
3787,let know,1.0
3790,co uk,1.0
3799,lt gt,1.0
3800,lt gt,1.0
3801,lt gt,1.0
3806,lt gt,1.0
3808,call claim,0.5108751790926419
3808,guaranteed call,0.49301204983410907
3808,prize guaranteed,0.4962663287881709
3808,prize guaranteed call,0.4996652889850785
3829,call claim,0.7195751022879376
3829,guaranteed call,0.694414625542481
3833,lt gt,1.0
3844,decimal gt,0.5773502691896257
3844,lt decimal,0.5773502691896257
3844,lt decimal gt,0.5773502691896257
3848,lt gt,1.0
3854,lt gt,1.0
3867,take care,1.0
3875,good morning,1.0
3881,lt gt,1.0
3885,lt gt,1.0
3886,co uk,1.0
3890,take care,1.0
3892,free call,1.0
3894,claim call,1.0
3896,call landline,1.0
3898,call claim,1.0
3906,claim call,1.0
3908,take care,1.0
3914,customer service,1.0
3921,lt gt,1.0
3945,call landline,1.0
3955,free text,1.0
3964,selected receive,1.0
3968,take care,1.0
3970,lt gt,1.0
3979,free call,1.0
3986,last night,1.0
3989,every week,1.0
3990,let know,1.0
3991,ok lor,1.0
3998,lt gt,1.0
3999,national rate,1.0
4002,national rate,0.6988745387859157
4002,prize claim,0.7152442792758106
4013,customer service,0.7433953999012927
4013,please call,0.6688522104363545
4021,national rate,1.0
4026,wat time,1.0
4027,lt gt,1.0
4037,call claim,0.7098262707632392
4037,selected receive,0.7043767921605258
4041,pls send,1.0
4043,customer service,0.7433953999012927
4043,please call,0.6688522104363545
4045,lt gt,1.0
4049,customer service,0.7433953999012927
4049,please call,0.6688522104363545
4052,take care,1.0
4068,lt gt,1.0
4081,lt gt,1.0
4082,good morning,0.6419976131785079
4082,let know,0.6222922689178827
4082,lt gt,0.4478743090624113
4089,private account,0.7071067811865476
4089,private account statement,0.7071067811865476
4093,lt gt,1.0
4109,national rate,0.7334463723325656
4109,po box,0.6797473199007111
4110,pls send,1.0
4113,call landline,0.3988375418037537
4113,guaranteed call,0.4038510595537471
4113,prize guaranteed,0.40651680373611254
4113,prize guaranteed call,0.4093010636286731
4113,urgent mobile,0.41848365054301695
4113,valid hr,0.4122148696566595
4128,national rate,1.0
4129,call later,0.5570334664642678
4129,sorry call,0.5872451435468843
4129,sorry call later,0.5872451435468843
4139,lt gt,1.0
4144,happy new,0.590977358538137
4144,happy new year,0.590977358538137
4144,new year,0.5490824376999984
4148,good night,1.0
4149,pls send,1.0
4150,please call,1.0
4155,await collection,1.0
4156,wat time,1.0
4157,free text,1.0
4163,free call,1.0
4167,co uk,1.0
4172,happy new,0.590977358538137
4172,happy new year,0.590977358538137
4172,new year,0.5490824376999984
4173,lt gt,1.0
4174,call later,0.5570334664642678
4174,sorry call,0.5872451435468843
4174,sorry call later,0.5872451435468843
4179,ok lor,1.0
4182,take care,1.0
4184,await collection,0.7639329436754941
4184,please call,0.6452956357881977
4185,call later,0.5570334664642678
4185,sorry call,0.5872451435468843
4185,sorry call later,0.5872451435468843
4191,let know,0.8116432547145025
4191,lt gt,0.5841534276852692
4192,call later,0.5570334664642678
4192,sorry call,0.5872451435468843
4192,sorry call later,0.5872451435468843
4193,good morning,1.0
4194,lt gt,1.0
4199,co uk,0.6582433004524174
4199,every week,0.75280525862238
4200,co uk,1.0
4201,send stop,1.0
4206,take care,1.0
4223,gt lt,0.6307673280621343
4223,lt gt,0.7759720213057658
4234,please call,1.0
4238,every week,1.0
4242,great day,0.7542966158877616
4242,let know,0.6565337883614754
4267,decimal gt,0.5773502691896257
4267,lt decimal,0.5773502691896257
4267,lt decimal gt,0.5773502691896257
4273,send stop,1.0
4282,call claim,0.7098262707632392
4282,claim call,0.7043767921605258
4289,take care,1.0
4296,po box,1.0
4298,please call,1.0
4300,await collection,1.0
4303,let know,1.0
4312,po box,1.0
4318,call later,1.0
4323,lt gt,1.0
4338,gt min,0.6384359451581793
4338,lt gt,0.41571910924666916
4338,lt gt min,0.647747764285712
4342,lt gt,1.0
4350,lt gt,1.0
4365,good morning,1.0
4377,co uk,1.0
4378,please call,1.0
4387,free text,1.0
4391,lt gt,1.0
4394,new year,1.0
4406,call later,0.39228135526267643
4406,gt min,0.4532696780174308
4406,lt gt,0.295147646718489
4406,lt gt min,0.45988078017999406
4406,sorry call,0.4135574155790406
4406,sorry call later,0.4135574155790406
4409,lt gt,1.0
4410,take care,1.0
4411,chance win,1.0
4412,hi hi,1.0
4420,free call,1.0
4434,lt gt,1.0
4436,good night,1.0
4438,lt gt,1.0
4445,last night,1.0
4455,gt min,0.6384359451581793
4455,lt gt,0.41571910924666916
4455,lt gt min,0.647747764285712
4456,wat time,1.0
4462,great day,1.0
4464,last night,1.0
4492,lt gt,1.0
4498,take care,1.0
4528,txt stop,1.0
4535,send stop,1.0
4538,good morning,1.0
4543,last night,1.0
4557,good morning,1.0
4565,decimal gt,0.5773502691896257
4565,lt decimal,0.5773502691896257
4565,lt decimal gt,0.5773502691896257
4568,let know,0.5705471079111004
4568,lt gt,0.8212648766715153
4572,po box,1.0
4580,await collection,0.6009766686315637
4580,call landline,0.5771944912832926
4580,po box,0.5528775298316334
4582,lt gt,1.0
4585,chance win,1.0
4589,take care,1.0
4590,happy new,0.590977358538137
4590,happy new year,0.590977358538137
4590,new year,0.5490824376999984
4603,call claim,1.0
4610,gt min,0.6384359451581793
4610,lt gt,0.41571910924666916
4610,lt gt min,0.647747764285712
4613,wat time,1.0
4621,call later,0.5570334664642678
4621,sorry call,0.5872451435468843
4621,sorry call later,0.5872451435468843
4629,customer service,0.7433953999012927
4629,please call,0.6688522104363545
4630,please call,0.6452956357881977
4630,selected receive,0.7639329436754941
4634,call later,1.0
4656,great day,1.0
4657,last night,1.0
4659,private account,0.7071067811865476
4659,private account statement,0.7071067811865476
4661,pls send,1.0
4674,customer service,0.7433953999012927
4674,please call,0.6688522104363545
4687,gt min,0.6384359451581793
4687,lt gt,0.41571910924666916
4687,lt gt min,0.647747764285712
4697,urgent mobile,1.0
4702,co uk,1.0
4730,lt gt,1.0
4734,wat time,1.0
4735,good morning,1.0
4736,chance win,0.7552082475160928
4736,co uk,0.655484937190529
4740,let know,1.0
4751,take care,1.0
4755,co uk,1.0
4756,ok lor,1.0
4760,call land,0.35801661878160773
4760,call land line,0.35801661878160773
4760,guaranteed call,0.3454983023714088
4760,land line,0.35801661878160773
4760,prize guaranteed,0.34777887108053
4760,prize guaranteed call,0.3501608310716798
4760,urgent mobile,0.35801661878160773
4760,valid hr,0.352653618975273
4769,customer service,0.6897143613086474
4769,send stop,0.7240815560450385
4774,lt gt,1.0
4775,wat time,1.0
4787,await collection,0.6009766686315637
4787,call landline,0.5771944912832926
4787,po box,0.5528775298316334
4795,ok lor,1.0
4797,last night,1.0
4798,claim call,1.0
4809,claim call,0.5680302735593301
4809,private account,0.5819542973121311
4809,private account statement,0.5819542973121311
4815,gt min,0.6384359451581793
4815,lt gt,0.41571910924666916
4815,lt gt min,0.647747764285712
4824,selected receive,1.0
4842,private account,0.7071067811865476
4842,private account statement,0.7071067811865476
4851,lt gt,1.0
4862,take care,1.0
4864,txt stop,1.0
4865,national rate,1.0
4871,lt gt,1.0
4878,send stop,1.0
4880,every week,1.0
4889,selected receive,1.0
4890,let know,1.0
4894,last night,1.0
4899,pls send,1.0
4903,wat time,1.0
4906,send stop,1.0
4919,national rate,0.6988745387859157
4919,prize claim,0.7152442792758106
4931,co uk,1.0
4932,send stop,1.0
4933,good morning,1.0
4934,lt gt,1.0
4935,free call,1.0
4937,new year,1.0
4941,decimal gt,0.5773502691896257
4941,lt decimal,0.5773502691896257
4941,lt decimal gt,0.5773502691896257
4945,take care,1.0
4953,call later,1.0
4962,lt gt,1.0
4968,call land,0.38343235008949594
4968,call land line,0.38343235008949594
4968,guaranteed call,0.37002535379792306
4968,land line,0.38343235008949594
4968,prize guaranteed,0.3724678209176194
4968,prize guaranteed call,0.375018877123708
4968,valid hr,0.3776886289564643
4974,take care,1.0
4981,new year,1.0
4984,lt gt,1.0
4986,send stop,1.0
4992,please call,0.6452956357881977
4992,selected receive,0.7639329436754941
4998,happy new,0.590977358538137
4998,happy new year,0.590977358538137
4998,new year,0.5490824376999984
5006,lt gt,1.0
5013,customer service,0.6787083343960647
5013,prize claim,0.7344079226297328
5029,private account,0.7071067811865476
5029,private account statement,0.7071067811865476
5042,send stop,1.0
5047,customer service,1.0
5063,call later,0.5570334664642678
5063,sorry call,0.5872451435468843
5063,sorry call later,0.5872451435468843
5067,gt lt,0.6307673280621343
5067,lt gt,0.7759720213057658
5068,call later,1.0
5074,every week,1.0
5075,take care,1.0
5076,lt gt,1.0
5079,take care,1.0
5080,free text,1.0
5086,please call,1.0
5088,good morning,1.0
5097,lt gt,1.0
5106,lt gt,1.0
5111,please call,1.0
5113,free call,1.0
5116,co uk,1.0
5121,private account,0.7071067811865476
5121,private account statement,0.7071067811865476
5122,lt gt,1.0
5133,lt gt,1.0
5138,await collection,1.0
5142,co uk,0.6582433004524174
5142,every week,0.75280525862238
5148,co uk,1.0
5151,happy new,0.42823607861792123
5151,happy new year,0.42823607861792123
5151,new year,0.7957560693704392
5155,lt gt,1.0
5156,new year,1.0
5190,chance win,1.0
5191,txt stop,1.0
5192,call later,0.5570334664642678
5192,sorry call,0.5872451435468843
5192,sorry call later,0.5872451435468843
5199,pls send,1.0
5201,co uk,1.0
5202,await collection,1.0
5207,lt gt,1.0
5215,send stop,1.0
5229,private account,0.7071067811865476
5229,private account statement,0.7071067811865476
5233,call claim,0.7098262707632392
5233,selected receive,0.7043767921605258
5248,take care,1.0
5251,await collection,0.5358809074032509
5251,call landline,0.5146747351130089
5251,please call,0.4526596394518467
5251,po box,0.4929917047256948
5261,lt gt,1.0
5266,take care,1.0
5270,please call,1.0
5271,take care,1.0
5273,take care,1.0
5275,let know,1.0
5277,wat time,1.0
5278,good night,1.0
5279,call land,0.35801661878160773
5279,call land line,0.35801661878160773
5279,guaranteed call,0.3454983023714088
5279,land line,0.35801661878160773
5279,prize guaranteed,0.34777887108053
5279,prize guaranteed call,0.3501608310716798
5279,urgent mobile,0.35801661878160773
5279,valid hr,0.352653618975273
5293,await collection,0.5358809074032509
5293,call landline,0.5146747351130089
5293,please call,0.4526596394518467
5293,po box,0.4929917047256948
5298,take care,1.0
5300,good morning,1.0
5303,lt gt,1.0
5305,lt gt,1.0
5319,good morning,0.6681231030724535
5319,great day,0.7440507503798619
5336,lt gt,1.0
5338,lt gt,1.0
5343,txt stop,1.0
5353,good morning,0.6681231030724535
5353,great day,0.7440507503798619
5360,lt gt,1.0
5370,lt gt,1.0
5376,pls send,1.0
5379,chance win,1.0
5383,lt gt,1.0
5387,please call,1.0
5388,lt gt,1.0
5405,gt min,0.6384359451581793
5405,lt gt,0.41571910924666916
5405,lt gt min,0.647747764285712
5424,call later,0.5570334664642678
5424,sorry call,0.5872451435468843
5424,sorry call later,0.5872451435468843
5445,good morning,1.0
5446,last night,1.0
5447,let know,1.0
5459,call later,0.5570334664642678
5459,sorry call,0.5872451435468843
5459,sorry call later,0.5872451435468843
5460,lt gt,1.0
5461,free call,1.0
5463,call claim,1.0
5468,co uk,1.0
5469,call claim,1.0
5470,ok lor,1.0
5474,ok lor,1.0
5479,lt gt,1.0
5483,call claim,0.45635091959461077
5483,guaranteed call,0.4403942714786321
5483,prize guaranteed,0.44330123046603326
5483,prize guaranteed call,0.44633742927741255
5483,valid hr,0.44951489644647996
5502,private account,0.7071067811865476
5502,private account statement,0.7071067811865476
5505,gt min,0.6384359451581793
5505,lt gt,0.41571910924666916
5505,lt gt min,0.647747764285712
5514,gt lt,0.6307673280621343
5514,lt gt,0.7759720213057658
5516,great day,1.0
5520,pls send,1.0
5525,call landline,1.0
5527,private account,0.7071067811865476
5527,private account statement,0.7071067811865476
5558,lt gt,1.0
5559,call later,0.5570334664642678
5559,sorry call,0.5872451435468843
5559,sorry call later,0.5872451435468843
5560,lt gt,1.0
5563,ok lor,1.0
5567,free call,1.0
5568,national rate,0.6988745387859157
5568,prize claim,0.7152442792758106
